TitleName,YearMade,Genre,TvRating,TitleId,Score
White Chicks,2004,Comedy,PG-13,1,82
Lucky Number Slevin,2006,Comedy,R,2,0
Grey's Anatomy,2016,Comedy,TV-14,3,98
Prison Break,2008,Comedy,TV-14,4,98
How I Met Your Mother,2014,Comedy,TV-PG,5,94
Supernatural,2016,Drama,TV-14,6,95
Breaking Bad,2013,Drama,TV-MA,7,97
The Vampire Diaries,2017,Drama,TV-14,8,91
The Walking Dead,2015,Drama,TV-MA,9,98
Pretty Little Liars,2016,Drama,TV-14,10,96
Once Upon a Time,2016,Drama,TV-PG,11,98
Sherlock,2016,Drama,TV-14,12,95
Death Note,2006,Drama,TV-14,13,77
Naruto,2008,Drama,TV-PG,14,88
The Hunter,2011,Drama,R,15,0
Lottie Dottie Chicken,2009,Drama,TV-Y,16,0
Arrow,2015,Drama,TV-14,17,96
Black Mirror,2016,Drama,TV-MA,18,80
The Originals,2016,Drama,TV-14,19,74
The 100,2016,Drama,NR,20,97
Masha and the Bear,2013,Drama,TV-Y,21,81
"Ã“ Pai, Ã“ - Look at This",2007,Drama,TV-MA,22,0
Nymphomaniac: Volume 1,2013,Drama,NR,23,0
Hunter X Hunter (2011),2013,Drama,NR,24,57
Marvel's Luke Cage,2016,Drama,TV-MA,25,95
Marvel's Iron Fist,2017,Drama,TV-MA,26,98
Narcos,2016,Drama,TV-MA,27,94
The Flash,2016,Drama,TV-PG,28,98
The Seven Deadly Sins,2016,Drama,TV-14,29,0
Scream,2016,Drama,TV-14,30,0
The Do-Over,2016,Drama,TV-MA,31,84
OperaÃ§Ãµes Especiais,2015,Drama,TV-MA,32,0
3%,2016,Drama,TV-MA,33,0
Trollhunters,2016,Drama,TV-Y7-FV,34,83
Fearless,2016,Drama,TV-14,35,0
Hyena Road,2015,Drama,R,36,0
Santa Clarita Diet,2017,Drama,TV-MA,37,82
"Sex, Love and Therapy",2014,Drama,NR,38,0
White Girl,2016,Drama,UR,39,0
Girlboss,2017,Drama,TV-MA,40,94
City of God: 10 Years Later,2013,Drama,TV-MA,41,0
13 Reasons Why,2017,Drama,TV-MA,42,99
Sand Castle,2017,Drama,TV-MA,43,89
Salvador Martinha - Tip of the Tongue,2016,Drama,TV-MA,44,0
Sandy Wexler,2017,Drama,TV-14,45,92
O Amor no DivÃ£,2016,Drama,TV-MA,46,0
Stronger Than the World,2016,Drama,NR,47,0
Back and Forth,2016,Drama,NR,48,0
Happily Married,2015,Drama,TV-14,49,0
Pandora,2016,Drama,TV-MA,50,0
Lucky Number Slevin,2006,Drama,R,51,0
The Office (U.S.),2012,Drama,TV-14,52,97
Grey's Anatomy,2016,Drama,TV-14,53,98
Prison Break,2008,Drama,TV-14,54,98
90210,2013,Drama,TV-14,55,62
Gossip Girl,2012,Drama,TV-14,56,96
How I Met Your Mother,2014,Drama,TV-PG,57,94
Supernatural,2016,Drama,TV-14,58,95
Breaking Bad,2013,Drama,TV-MA,59,97
Parks and Recreation,2015,Drama,TV-14,60,94
Glee,2015,Drama,TV-PG,61,92
The Vampire Diaries,2017,Drama,TV-14,62,91
Family Guy,2015,Drama,TV-MA,63,98
Criminal Minds,2016,Drama,TV-14,64,98
Friends,2003,Drama,TV-14,65,98
The Secret Life of the American Teenager,2013,Drama,TV-14,66,81
One Tree Hill,2011,Drama,TV-14,67,90
The Walking Dead,2015,Drama,TV-MA,68,98
Pretty Little Liars,2016,Drama,TV-14,69,96
Shameless (U.S.),2016,Drama,TV-MA,70,97
New Girl,2016,Drama,TV-14,71,91
American Horror Story,2016,Drama,TV-MA,72,90
Orange Is the New Black,2016,Drama,TV-MA,73,98
Inside Russia's Toughest Prison,2011,Drama,TV-14,74,0
Black Mirror,2016,Drama,TV-MA,75,80
Bates Motel,2016,Drama,TV-14,76,83
The 100,2016,Drama,NR,77,97
Marvel's Iron Fist,2017,Drama,TV-MA,78,98
Grace and Frankie,2017,Drama,TV-MA,79,90
How to Get Away with Murder,2016,Drama,TV-14,80,95
The Get Down,2017,Drama,TV-MA,81,80
Love,2017,Drama,TV-MA,82,0
The Flash,2016,Drama,TV-PG,83,98
The OA,2016,Drama,TV-MA,84,0
Stranger Things,2016,Drama,TV-14,85,90
Ingobernable,2017,Drama,TV-MA,86,96
Zootopia,2016,Drama,PG,87,97
Meet the Blacks,2016,Drama,R,88,79
Finding Dory,2016,Drama,PG,89,98
Santa Clarita Diet,2017,Drama,TV-MA,90,82
Sausage Party,2016,Drama,R,91,91
Pete's Dragon,2016,Drama,PG,92,93
Kevin Hart: What Now?,2016,Drama,R,93,97
Girlboss,2017,Drama,TV-MA,94,94
The Discovery,2017,Drama,TV-MA,95,0
Sand Castle,2017,Drama,TV-MA,96,89
Sandy Wexler,2017,Drama,TV-14,97,92
Chewing Gum,2017,Drama,TV-MA,98,93
Cheer Squad,2016,Drama,TV-PG,99,61
Only for One Night,2016,Drama,TV-MA,100,78
The Life Aquatic with Steve Zissou,2004,Drama,R,101,0
Lucky Number Slevin,2006,Drama,R,102,0
The L Word,2009,Drama,TV-MA,103,0
The Office (U.S.),2012,Drama,TV-14,104,97
30 Rock,2012,Drama,TV-14,105,66
Mad Men,2014,Drama,TV-14,106,75
It's Always Sunny in Philadelphia,2016,Drama,TV-MA,107,91
Californication,2014,Drama,TV-MA,108,63
Parks and Recreation,2015,Drama,TV-14,109,94
Friends,2003,Drama,TV-14,110,98
Shameless (U.S.),2016,Drama,TV-MA,111,97
Portlandia,2016,Drama,TV-14,112,62
New Girl,2016,Drama,TV-14,113,91
Don't Trust the B---- in Apartment 23,2012,Drama,TV-14,114,0
Friends with Benefits,2011,Drama,TV-14,115,0
The Client List,2013,Drama,TV-14,116,92
Halt and Catch Fire,2016,Drama,TV-14,117,0
5 to 7,2014,Drama,R,118,0
Marvel's Iron Fist,2017,Drama,TV-MA,119,98
Chef's Table,2017,Drama,TV-MA,120,0
Documentary Now!,2016,Drama,TV-14,121,0
Grace and Frankie,2017,Drama,TV-MA,122,90
Better Call Saul,2016,Drama,TV-MA,123,95
The Get Down,2017,Drama,TV-MA,124,80
Schitt's Creek,2016,Drama,TV-14,125,74
Lovesick,2016,Drama,TV-MA,126,0
Flaked,2016,Drama,TV-MA,127,0
Master of None,2015,Drama,TV-MA,128,0
Chelsea,2017,Drama,TV-MA,129,0
Abstract: The Art of Design,2017,Drama,TV-14,130,0
Cooper Barrett's Guide to Surviving Life,2016,Drama,TV-14,131,0
The Great British Baking Show,2016,Drama,TV-PG,132,94
Life in Pieces,2015,Drama,TV-14,133,68
Crazy Ex-Girlfriend,2017,Drama,TV-14,134,0
Easy,2016,Drama,TV-MA,135,0
Santa Clarita Diet,2017,Drama,TV-MA,136,82
No Tomorrow,2016,Drama,TV-14,137,0
Minimalism: A Documentary About the Important Things,2016,Drama,TV-PG,138,0
Girlboss,2017,Drama,TV-MA,139,94
Hot Girls Wanted: Turned On,2017,Drama,TV-MA,140,0
The Discovery,2017,Drama,TV-MA,141,0
13 Reasons Why,2017,Drama,TV-MA,142,99
Sandy Wexler,2017,Drama,TV-14,143,92
Chewing Gum,2017,Drama,TV-MA,144,93
Win It All,2017,Drama,TV-MA,145,0
MerlÃ­,2015,Drama,TV-PG,146,0
Amy Schumer: The Leather Special,2017,Drama,TV-MA,147,0
Louis C.K. 2017,2017,Drama,TV-MA,148,71
Dave Chappelle,2017,Drama,TV-MA,149,94
Almost Adults,2016,Drama,NR,150,0
The Brothers,2001,Drama,R,151,0
Skins,2013,Drama,TV-MA,152,0
The Cleveland Show,2012,Drama,TV-14,153,88
Absolutely Fabulous,2012,Drama,TV-14,154,59
Don't Trust the B---- in Apartment 23,2012,Drama,TV-14,155,0
Raising Hope,2013,Drama,TV-14,156,73
Come Fly With Me,2010,Drama,TV-14,157,0
Orange Is the New Black,2016,Drama,TV-MA,158,98
Brickleberry,2014,Drama,TV-MA,159,63
Bates Motel,2016,Drama,TV-14,160,83
BoJack Horseman,2016,Drama,TV-MA,161,0
Being Mary Jane: The Series,2016,Drama,TV-14,162,0
Documentary Now!,2016,Drama,TV-14,163,0
Grace and Frankie,2017,Drama,TV-MA,164,90
Unbreakable Kimmy Schmidt,2016,Drama,TV-14,165,0
The Get Down,2017,Drama,TV-MA,166,80
Love,2017,Drama,TV-MA,167,0
Bordertown,2016,Drama,TV-14,168,86
Jane The Virgin,2016,Drama,TV-14,169,91
Schitt's Creek,2016,Drama,TV-14,170,74
Dope,2015,Drama,R,171,79
Lovesick,2016,Drama,TV-MA,172,0
The Carmichael Show,2016,Drama,TV-14,173,69
Cooper Barrett's Guide to Surviving Life,2016,Drama,TV-14,174,0
The Great British Baking Show,2016,Drama,TV-PG,175,94
November Rule,2015,Drama,TV-14,176,0
Life in Pieces,2015,Drama,TV-14,177,68
Crazy Ex-Girlfriend,2017,Drama,TV-14,178,0
Easy,2016,Drama,TV-MA,179,0
Haters Back Off,2016,Drama,TV-14,180,58
Kubo and the Two Strings,2016,Drama,PG,181,96
Skins,2017,Drama,TV-MA,182,0
A Weekend with the Family,2016,Drama,TV-MA,183,0
Crazyhead,2016,Drama,TV-MA,184,0
Queen of Katwe,2016,Drama,PG,185,0
Little Boxes,2016,Drama,TV-14,186,61
Deidra & Laney Rob a Train,2017,Drama,TV-14,187,0
Girlboss,2017,Drama,TV-MA,188,94
Hot Girls Wanted: Turned On,2017,Drama,TV-MA,189,0
13 Reasons Why,2017,Drama,TV-MA,190,99
Hurricane Bianca,2016,Drama,TV-MA,191,0
Honeytrap,2014,Drama,NR,192,0
Greenleaf,2016,Drama,TV-14,193,62
Lazy Eye,2016,Drama,TV-MA,194,0
Like Cotton Twines,2016,Drama,NR,195,0
The Wedding Party,2016,Drama,TV-14,196,0
Dave Chappelle,2017,Drama,TV-MA,197,94
Only for One Night,2016,Drama,TV-MA,198,78
Boy Bye,2016,Drama,TV-MA,199,0
Almost Adults,2016,Drama,NR,200,0
Nancy Drew,2007,Drama,PG,201,0
30 Rock,2012,Drama,TV-14,202,66
Nurse Jackie,2015,Drama,TV-MA,203,82
Parks and Recreation,2015,Drama,TV-14,204,94
Drop Dead Diva,2014,Drama,TV-PG,205,0
Gilmore Girls,2006,Drama,TV-14,206,91
Parenthood,2014,Drama,TV-14,207,79
Life Unexpected,2010,Drama,TV-PG,208,55
Portlandia,2016,Drama,TV-14,209,62
New Girl,2016,Drama,TV-14,210,91
Don't Trust the B---- in Apartment 23,2012,Drama,TV-14,211,0
Raising Hope,2013,Drama,TV-14,212,73
Being Human (U.S.),2014,Drama,TV-14,213,58
Friends with Benefits,2011,Drama,TV-14,214,0
The Carrie Diaries,2013,Drama,TV-14,215,0
Baby Daddy,2016,Drama,TV-14,216,80
Halt and Catch Fire,2016,Drama,TV-14,217,0
The Angriest Man in Brooklyn,2014,Drama,R,218,0
5 to 7,2014,Drama,R,219,0
Chef's Table,2017,Drama,TV-MA,220,0
Grace and Frankie,2017,Drama,TV-MA,221,90
Unbreakable Kimmy Schmidt,2016,Drama,TV-14,222,0
The Get Down,2017,Drama,TV-MA,223,80
Sense8,2017,Drama,TV-MA,224,81
Love,2017,Drama,TV-MA,225,0
Bordertown,2016,Drama,TV-14,226,86
Girlfriends' Guide to Divorce,2015,Drama,TV-14,227,63
Schitt's Creek,2016,Drama,TV-14,228,74
The Carmichael Show,2016,Drama,TV-14,229,69
Chelsea,2017,Drama,TV-MA,230,0
Abstract: The Art of Design,2017,Drama,TV-14,231,0
Cooper Barrett's Guide to Surviving Life,2016,Drama,TV-14,232,0
The Great British Baking Show,2016,Drama,TV-PG,233,94
Life in Pieces,2015,Drama,TV-14,234,68
Crazy Ex-Girlfriend,2017,Drama,TV-14,235,0
Fried,2015,Drama,TV-MA,236,0
The Great Gilly Hopkins,2016,Drama,PG,237,69
The Magicians,2016,Drama,TV-MA,238,89
One Day at a Time,2017,Drama,TV-PG,239,0
No Tomorrow,2016,Drama,TV-14,240,0
Hot Girls Wanted: Turned On,2017,Drama,TV-MA,241,0
13 Reasons Why,2017,Drama,TV-MA,242,99
Better Off Single,2016,Drama,TV-MA,243,0
Sandy Wexler,2017,Drama,TV-14,244,92
Chewing Gum,2017,Drama,TV-MA,245,93
The Matchbreaker,2016,Drama,PG,246,79
Tramps,2017,Drama,TV-MA,247,0
Slam,2017,Drama,TV-MA,248,0
Cheer Squad,2016,Drama,TV-PG,249,61
Almost Adults,2016,Drama,NR,250,0
The Waterboy,1998,Drama,PG-13,251,82
10 Things I Hate About You,1999,Drama,PG-13,252,68
Grease,1978,Drama,PG,253,86
How to Lose a Guy in 10 Days,2003,Drama,PG-13,254,56
The Benchwarmers,2006,Drama,PG-13,255,77
Step Up,2006,Drama,PG-13,256,64
High School Musical 2,2007,Drama,TV-G,257,58
Twilight,2008,Drama,PG-13,258,89
Coraline,2009,Drama,PG,259,95
Hannah Montana: The Movie,2009,Drama,G,260,56
The Office (U.S.),2012,Drama,TV-14,261,97
Friday Night Lights,2010,Drama,TV-PG,262,81
StarStruck,2010,Drama,TV-G,263,0
Grey's Anatomy,2016,Drama,TV-14,264,98
Prison Break,2008,Drama,TV-14,265,98
90210,2013,Drama,TV-14,266,62
Gossip Girl,2012,Drama,TV-14,267,96
How I Met Your Mother,2014,Drama,TV-PG,268,94
Glee,2015,Drama,TV-PG,269,92
The Vampire Diaries,2017,Drama,TV-14,270,91
Family Guy,2015,Drama,TV-MA,271,98
Criminal Minds,2016,Drama,TV-14,272,98
Friends,2003,Drama,TV-14,273,98
Mean Girls 2,2011,Drama,PG-13,274,0
The Secret Life of the American Teenager,2013,Drama,TV-14,275,81
That '70s Show,2005,Drama,TV-14,276,89
Gilmore Girls,2006,Drama,TV-14,277,91
Parenthood,2014,Drama,TV-14,278,79
Heartland,2015,Drama,TV-PG,279,85
Pretty Little Liars,2016,Drama,TV-14,280,96
Shameless (U.S.),2016,Drama,TV-MA,281,97
Switched at Birth,2015,Drama,TV-14,282,83
New Girl,2016,Drama,TV-14,283,91
Hart of Dixie,2014,Drama,TV-PG,284,81
Pretty Little Liars,2016,Drama,TV-14,330,96
Shameless (U.S.),2016,Drama,TV-MA,331,97
New Girl,2016,Drama,TV-14,332,91
Revenge,2015,Drama,TV-PG,333,84
Scandal,2016,Drama,TV-14,334,92
Magic Mike,2012,Drama,R,335,77
Trouble with the Curve,2012,Drama,PG-13,336,63
Orange Is the New Black,2016,Drama,TV-MA,337,98
Baby Daddy,2016,Drama,TV-14,338,80
The Night Shift,2015,Drama,TV-14,339,93
The Originals,2016,Drama,TV-14,340,74
Home,2015,Drama,PG,341,94
How to Get Away with Murder,2016,Drama,TV-14,342,95
Zootopia,2016,Drama,PG,343,97
Finding Dory,2016,Drama,PG,344,98
Sausage Party,2016,Drama,R,345,91
Skin Wars,2016,Drama,TV-14,346,69
Girlboss,2017,Drama,TV-MA,347,94
13 Reasons Why,2017,Drama,TV-MA,348,99
Felipe Neto: My Life Makes No Sense,2017,Drama,TV-MA,349,0
Cheer Squad,2016,Drama,TV-PG,350,61
Lost,2010,Drama,TV-14,351,98
Weeds,2012,Drama,TV-MA,352,85
The Tudors,2010,Drama,TV-MA,353,0
Grey's Anatomy,2016,Drama,TV-14,354,98
Lie to Me,2010,Drama,TV-14,355,89
Prison Break,2008,Drama,TV-14,356,98
Gossip Girl,2012,Drama,TV-14,357,96
Glee,2015,Drama,TV-PG,358,92
The Vampire Diaries,2017,Drama,TV-14,359,91
The Secret Life of the American Teenager,2013,Drama,TV-14,360,81
Drop Dead Diva,2014,Drama,TV-PG,361,0
Gilmore Girls,2006,Drama,TV-14,362,91
Charmed,2005,Drama,TV-PG,363,90
White Collar,2014,Drama,TV-PG,364,93
House of Cards,2016,Drama,TV-MA,365,91
Pretty Little Liars,2016,Drama,TV-14,366,96
The Killing,2014,Drama,TV-14,367,73
Shameless (U.S.),2016,Drama,TV-MA,368,97
Hart of Dixie,2014,Drama,TV-PG,369,81
Once Upon a Time,2016,Drama,TV-PG,370,98
Scandal,2016,Drama,TV-14,371,92
The Client List,2013,Drama,TV-14,372,92
Unconditional,2012,Drama,PG-13,373,0
Bates Motel,2016,Drama,TV-14,374,83
The Blacklist,2016,Drama,TV-14,375,96
The Fosters,2016,Drama,TV-14,376,73
Reign,2015,Drama,TV-14,377,79
The Originals,2016,Drama,TV-14,378,74
The 100,2016,Drama,NR,379,97
Witches of East End,2014,Drama,TV-14,380,0
Bitten,2016,Drama,TV-MA,381,56
London Has Fallen,2016,Drama,R,382,96
Marvel's Jessica Jones,2015,Drama,TV-MA,383,83
Bloodline,2016,Drama,TV-MA,384,0
Grace and Frankie,2017,Drama,TV-MA,385,90
Velvet,2016,Drama,TV-14,386,0
How to Get Away with Murder,2016,Drama,TV-14,387,95
The Crown,2016,Drama,TV-MA,388,84
Jane The Virgin,2016,Drama,TV-14,389,91
Kurt Seyit & Sura,2014,Drama,TV-14,390,0
The Returned,2015,Drama,TV-14,391,0
The Girl in the Book,2015,Drama,TV-MA,392,0
Quantico,2016,Drama,TV-14,393,88
Life in Pieces,2015,Drama,TV-14,394,68
Ingobernable,2017,Drama,TV-MA,395,96
Girlboss,2017,Drama,TV-MA,396,94
13 Reasons Why,2017,Drama,TV-MA,397,99
MerlÃ­,2015,Drama,TV-PG,398,0
Greenleaf,2016,Drama,TV-14,399,62
100 Metros,2016,Drama,TV-MA,400,0
Bones,2016,Drama,TV-14,401,97
Dexter,2013,Drama,TV-MA,402,95
Leverage,2012,Drama,TV-PG,403,86
Grey's Anatomy,2016,Drama,TV-14,404,98
Lie to Me,2010,Drama,TV-14,405,89
Prison Break,2008,Comedy,TV-14,406,98
NCIS,2016,Comedy,TV-14,407,97
Burn Notice,2013,Comedy,TV-14,408,85
Breaking Bad,2013,Comedy,TV-MA,409,97
Criminal Minds,2016,Comedy,TV-14,410,98
White Collar,2014,Comedy,TV-PG,411,93
Luther,2015,Comedy,TV-14,412,69
Hawaii Five-0,2016,Comedy,TV-14,413,96
House of Cards,2016,Comedy,TV-MA,414,91
Last Man Standing,2015,Comedy,TV-PG,415,97
Revenge,2015,Comedy,TV-PG,416,84
Person of Interest,2016,Comedy,TV-14,417,93
Scandal,2016,Comedy,TV-14,418,92
Touch,2012,Comedy,TV-14,419,68
Sherlock,2016,Comedy,TV-14,420,95
Breakout Kings,2012,Comedy,TV-14,421,88
The Client List,2013,Comedy,TV-14,422,92
Arrow,2015,Comedy,TV-14,423,96
The Following,2015,Comedy,TV-14,424,0
"Drugs, Inc.",2015,Comedy,TV-14,425,0
Longmire,2016,Comedy,TV-14,426,92
Ripper Street,2016,Comedy,TV-MA,427,0
The Fall,2016,Comedy,TV-MA,428,61
Death in Paradise,2016,Comedy,TV-14,429,77
Marvel's Agents of S.H.I.E.L.D.,2016,Comedy,TV-PG,430,89
Crossing Lines,2015,Comedy,TV-14,431,66
London Has Fallen,2016,Comedy,R,432,96
Halt and Catch Fire,2016,Comedy,TV-14,433,0
Marvel's Iron Fist,2017,Comedy,TV-MA,434,98
The Honorable Woman,2014,Comedy,TV-MA,435,0
Transporter: The Series,2014,Comedy,TV-MA,436,0
Gotham,2016,Comedy,TV-14,437,85
Better Call Saul,2016,Comedy,TV-MA,438,95
How to Get Away with Murder,2016,Comedy,TV-14,439,95
Narcos,2016,Comedy,TV-MA,440,94
American Odyssey,2015,Comedy,TV-14,441,0
Aquarius,2015,Comedy,TV-MA,442,0
Hap and Leonard,2016,Comedy,TV-MA,443,57
Rosewood,2015,Comedy,TV-14,444,81
Quantico,2016,Comedy,TV-14,445,88
Limitless,2016,Comedy,TV-14,446,84
Travelers,2016,Comedy,TV-MA,447,86
The Doctor Blake Mysteries,2016,Comedy,TV-MA,448,57
I.T,2016,Comedy,NR,449,0
Bordertown,2016,Comedy,TV-MA,450,0
The Office (U.S.),2012,Comedy,TV-14,451,97
Grey's Anatomy,2016,Comedy,TV-14,452,98
Law & Order: Special Victims Unit,2015,Comedy,TV-14,453,97
Lie to Me,2010,Comedy,TV-14,454,89
Prison Break,2008,Comedy,TV-14,455,98
90210,2013,Comedy,TV-14,456,62
Gossip Girl,2012,Comedy,TV-14,457,96
How I Met Your Mother,2014,Comedy,TV-PG,458,94
Parks and Recreation,2015,Comedy,TV-14,459,94
The Vampire Diaries,2017,Comedy,TV-14,460,91
Criminal Minds,2016,Comedy,TV-14,461,98
Friends,2003,Comedy,TV-14,462,98
The West Wing,2005,Comedy,TV-14,463,79
Parenthood,2014,Comedy,TV-14,464,79
White Collar,2014,Comedy,TV-PG,465,93
Blue Bloods,2016,Comedy,TV-14,466,95
House of Cards,2016,Comedy,TV-MA,467,91
Pretty Little Liars,2016,Comedy,TV-14,468,96
The Killing,2014,Comedy,TV-14,469,73
Shameless (U.S.),2016,Comedy,TV-MA,470,97
New Girl,2016,Comedy,TV-14,471,91
Revenge,2015,Comedy,TV-PG,472,84
Person of Interest,2016,Comedy,TV-14,473,93
Once Upon a Time,2016,Comedy,TV-PG,474,98
Scandal,2016,Comedy,TV-14,475,92
Forensic Files,2011,Comedy,TV-14,476,88
Sherlock,2016,Comedy,TV-14,477,95
The Client List,2013,Comedy,TV-14,478,92
Orange Is the New Black,2016,Comedy,TV-MA,479,98
Rectify,2016,Comedy,TV-14,480,0
Black Mirror,2016,Comedy,TV-MA,481,80
Bates Motel,2016,Comedy,TV-14,482,83
The Fall,2016,Comedy,TV-MA,483,61
The Blacklist,2016,Comedy,TV-14,484,96
Being Mary Jane: The Series,2016,Comedy,TV-14,485,0
American Crime,2016,Comedy,TV-14,486,0
Madam Secretary,2016,Comedy,TV-14,487,70
Sense8,2017,Comedy,TV-MA,488,81
Scream,2016,Comedy,TV-14,489,0
Rosewood,2015,Comedy,TV-14,490,81
The Great British Baking Show,2016,Comedy,TV-PG,491,94
Quantico,2016,Comedy,TV-14,492,88
Limitless,2016,Comedy,TV-14,493,84
American Crime Story: The People v. O.J. Simpson,2016,Comedy,TV-MA,494,79
Santa Clarita Diet,2017,Comedy,TV-MA,495,82
No Tomorrow,2016,Comedy,TV-14,496,0
Girlboss,2017,Comedy,TV-MA,497,94
13 Reasons Why,2017,Comedy,TV-MA,498,99
The Doctor Blake Mysteries,2016,Comedy,TV-MA,499,57
Greenleaf,2016,Comedy,TV-14,500,62
The Nightmare Before Christmas,1993,Comedy,PG,501,84
Scooby-Doo,2002,Comedy,PG,502,86
Chicken Little,2005,Comedy,G,503,92
Teenage Mutant Ninja Turtles,2007,Comedy,PG,504,0
Star Wars: The Clone Wars,2008,Comedy,PG,505,57
Coraline,2009,Comedy,PG,506,95
The Smurfs and the Magic Flute,1976,Comedy,G,507,0
We're Back! A Dinosaur's Story,1993,Comedy,G,508,0
Thomas & Friends: Thomas & the Runaway Kite,2010,Comedy,TV-Y,509,0
Dino Squad,2008,Comedy,TV-Y7,510,0
Cars Toons: Mater's Tall Tales,2010,Comedy,TV-G,511,74
LeapFrog: The Amazing Alphabet Amusement Park,2010,Comedy,TV-Y,512,0
Star Wars: The Clone Wars,2014,Comedy,TV-PG,513,93
Phineas and Ferb,2012,Comedy,TV-G,514,89
The Batman,2007,Comedy,TV-Y7,515,77
Justice League,2003,Comedy,TV-Y7-FV,516,66
Justice League Unlimited,2005,Comedy,TV-Y7-FV,517,0
Mighty Morphin Power Rangers,2010,Comedy,TV-Y7-FV,518,73
Young Justice,2012,Comedy,TV-PG,519,71
The Super Mario Bros. Super Show!,1989,Comedy,TV-Y7,520,0
Power Rangers Zeo,1996,Comedy,TV-Y7-FV,521,0
Oscar's Oasis,2011,Comedy,TV-G,522,0
Transformers Prime,2013,Comedy,TV-Y7-FV,523,0
The Adventures of Chuck & Friends,2011,Comedy,TV-Y,524,0
Transformers: Rescue Bots,2016,Comedy,TV-Y7,525,0
Thomas & Friends: King of the Railway,2013,Comedy,TV-G,526,0
LEGO: Marvel Super Heroes: Maximum Overload,2013,Comedy,TV-Y7-FV,527,0
Max Steel,2014,Comedy,TV-Y7-FV,528,0
Transformers Prime Beast Hunters: Predacons Rising,2013,Comedy,TV-Y7-FV,529,0
Agent F.O.X.,2014,Comedy,PG,530,0
VeggieTales in the House,2016,Comedy,TV-Y,531,0
Thunder and the House Of Magic,2013,Comedy,TV-G,532,0
All Hail King Julien,2016,Comedy,TV-Y7-FV,533,71
Kong: King of the Apes,2016,Comedy,TV-Y7-FV,534,0
Marvel Super Hero Adventures: Frost Fight!,2015,Comedy,PG,535,0
Slugterra: Slug Fu Showdown,2015,Comedy,TV-Y7-FV,536,0
Dinotrux,2017,Comedy,TV-Y7-FV,537,0
Edgar Rice Burroughs' Tarzan and Jane,2017,Comedy,TV-Y7-FV,538,0
Lego DC Comics: Batman Be-Leaguered,2014,Comedy,TV-Y7,539,0
Trollhunters,2016,Comedy,TV-Y7-FV,540,83
Power Rangers Dino Charge,2015,Comedy,TV-Y7,541,0
Bunks,2013,Comedy,TV-PG,542,0
The Jungle Book,2016,Comedy,PG,543,97
The Angry Birds Movie,2016,Comedy,PG,544,92
The Secret Life of Pets,2016,Comedy,PG,545,0
The Furchester Hotel,2015,Comedy,TV-Y,546,0
Marvel's Hulk: Where Monsters Dwell,2016,Comedy,PG,547,0
Angry Birds,2013,Comedy,TV-G,548,0
Talking Tom and Friends,2016,Comedy,TV-G,549,61
Nexo Knights,2015,Comedy,TV-Y7-FV,550,0
The Nightmare Before Christmas,1993,Comedy,PG,551,84
An Extremely Goofy Movie,1999,Comedy,G,552,67
Scooby-Doo,2002,Comedy,PG,553,86
The Iron Giant,1999,Comedy,PG,554,83
Star Wars: The Clone Wars,2008,Comedy,PG,555,57
Cars Toons: Mater's Tall Tales,2010,Comedy,TV-G,556,74
The Batman,2007,Comedy,TV-Y7,557,77
Justice League,2003,Comedy,TV-Y7-FV,558,66
Justice League Unlimited,2005,Comedy,TV-Y7-FV,559,0
The Cat in the Hat Knows a Lot About That!,2014,Comedy,TV-Y,560,0
Mighty Morphin Power Rangers,2010,Comedy,TV-Y7-FV,561,73
Bob the Builder,2015,Comedy,TV-Y,562,0
Beyblade: Metal Fusion,2009,Comedy,TV-Y7,563,0
Ninja Turtles: The Next Mutation,1997,Comedy,TV-Y7-FV,564,0
Transformers Prime,2013,Comedy,TV-Y7-FV,565,0
DreamWorks Kung Fu Panda Awesome Secrets,2008,Romance,TV-PG,566,0
LEGO Ninjago: Masters of Spinjitzu,2015,Romance,TV-Y7-FV,567,67
Transformers: Rescue Bots,2016,Romance,TV-Y7,568,0
Goosebumps,1998,Romance,TV-Y7,569,88
LEGO Ninjago: Masters of Spinjitzu: Way of the Ninja,2011,Romance,TV-Y7-FV,570,0
Super Buddies,2013,Romance,G,571,0
Tad: The Lost Explorer,2012,Romance,TV-PG,572,0
PokÃ©mon: Indigo League,2000,Romance,TV-Y,573,74
Ratchet and Clank,2016,Romance,PG,574,74
Pac-Man and the Ghostly Adventures,2014,Romance,TV-Y7,575,0
Iron Man & Captain America: Heroes United,2014,Romance,PG,576,0
Power Rangers Super Megaforce,2014,Romance,TV-Y7,577,0
Chuggington,2015,Romance,TV-Y,578,0
All Hail King Julien,2016,Romance,TV-Y7-FV,579,71
The Adventures of Puss in Boots,2016,Romance,TV-Y7-FV,580,78
Kong: King of the Apes,2016,Romance,TV-Y7-FV,581,0
Marvel Super Hero Adventures: Frost Fight!,2015,Romance,PG,582,0
Some Assembly Required,2015,Romance,TV-G,583,0
Dinotrux,2017,Romance,TV-Y7-FV,584,0
Edgar Rice Burroughs' Tarzan and Jane,2017,Romance,TV-Y7-FV,585,0
Kulipari: An Army of Frogs,2016,Romance,TV-Y7-FV,586,0
Transformers: Robots in Disguise,2016,Romance,TV-Y7,587,0
Robocar Poli,2012,Romance,TV-Y,588,0
LEGO Bionicle: The Journey to One,2016,Romance,TV-Y7-FV,589,0
Lego DC Comics: Batman Be-Leaguered,2014,Romance,TV-Y7,590,0
Voltron: Legendary Defender,2017,Romance,TV-Y7-FV,591,0
Trollhunters,2016,Romance,TV-Y7-FV,592,83
Buddy Thunderstruck,2017,Romance,TV-PG,593,0
Power Rangers Dino Charge,2015,Romance,TV-Y7,594,0
PokÃ©mon: XY,2015,Romance,TV-Y7-FV,595,56
Power Rangers Dino Super Charge,2016,Romance,TV-Y7,596,0
The Deep,2015,Romance,TV-Y7,597,0
Skylanders Academy,2016,Romance,TV-Y7,598,0
Marvel's Hulk: Where Monsters Dwell,2016,Romance,PG,599,0
Growing Up Wild,2016,Romance,G,600,80
The Little Rascals,1994,Romance,PG,601,86
Flubber,1997,Romance,PG,602,83
Tarzan,1999,Romance,G,603,95
The Emperor's New Groove,2000,Romance,G,604,95
Scooby-Doo,2002,Romance,PG,605,86
Lilo & Stitch,2002,Romance,PG,606,95
Scooby-Doo 2: Monsters Unleashed,2004,Romance,PG,607,82
The Three Musketeers,2004,Romance,G,608,0
Mickey's Twice Upon a Christmas,2004,Romance,G,609,0
The Pacifier,2005,Romance,PG,610,91
Chicken Little,2005,Romance,G,611,92
Teenage Mutant Ninja Turtles,2007,Romance,PG,612,0
Bee Movie,2007,Romance,PG,613,94
Kung Fu Panda,2008,Romance,PG,614,91
Coraline,2009,Romance,PG,615,95
Cars Toons: Mater's Tall Tales,2010,Romance,TV-G,616,74
Phineas and Ferb,2012,Romance,TV-G,617,89
Super Why!,2015,Romance,TV-Y,618,68
Jessie,2015,Romance,TV-G,619,88
Disney Animation Collection: Vol. 1: Mickey and the Beanstalk,2009,Romance,TV-G,620,0
Lab Rats,2016,Romance,TV-Y7,621,85
Masha and the Bear,2013,Romance,TV-Y,622,81
Pocoyo,2007,Romance,TV-Y,623,67
Home,2015,Romance,PG,624,94
Chuggington,2015,Romance,TV-Y,625,0
Octonauts,2015,Romance,TV-Y,626,0
Dragons: Race to the Edge,2017,Romance,TV-Y7-FV,627,88
Mother Goose Club,2016,Romance,TV-Y,628,0
Little Einsteins,2007,Romance,TV-Y,629,70
Hotel Transylvania 2,2015,Romance,PG,630,93
Dawn of the Croods,2017,Romance,TV-Y7,631,72
Dinotrux,2017,Romance,TV-Y7-FV,632,0
Goosebumps,2015,Romance,PG,633,90
Kung Fu Panda 3,2016,Romance,PG,634,92
Zootopia,2016,Romance,PG,635,97
The Jungle Book,2016,Romance,PG,636,97
Home: Adventures with Tip & Oh,2017,Romance,TV-Y7,637,0
Open Season: Scared Silly,2015,Romance,PG,638,72
The Land Before Time XIV: Journey of the Brave,2016,Romance,G,639,0
The Angry Birds Movie,2016,Romance,PG,640,92
Alice Through the Looking Glass,2016,Romance,PG,641,96
Finding Dory,2016,Romance,PG,642,98
The Secret Life of Pets,2016,Romance,PG,643,0
Ask the StoryBots,2016,Romance,TV-Y,644,0
The Furchester Hotel,2015,Romance,TV-Y,645,0
Goldie & Bear,2016,Romance,TV-Y,646,77
Little Baby Bum: Nursery Rhyme Friends,2016,Romance,TV-Y,647,0
Angry Birds,2013,Romance,TV-G,648,0
Tayo the Little Bus,2014,Romance,TV-Y,649,0
Talking Tom and Friends,2016,Romance,TV-G,650,61
The Little Rascals,1994,Romance,PG,651,86
Antz,1998,Romance,PG,652,80
Tarzan,1999,Romance,G,653,95
An Extremely Goofy Movie,1999,Romance,G,654,67
Chicken Run,2000,Romance,G,655,80
The Emperor's New Groove,2000,Romance,G,656,95
Lilo & Stitch,2002,Romance,PG,657,95
Spy Kids 3: Game Over,2003,Romance,PG,658,64
Annie,1982,Romance,PG,659,68
Mulan 2,2004,Romance,G,660,85
Chicken Little,2005,Romance,G,661,92
Lilo & Stitch 2: Stitch Has A Glitch,2005,Romance,PG,662,85
Teenage Mutant Ninja Turtles,2007,Romance,PG,663,0
Bee Movie,2007,Romance,PG,664,94
Kung Fu Panda,2008,Romance,PG,665,91
Cars Toons: Mater's Tall Tales,2010,Romance,TV-G,666,74
Super Why!,2015,Romance,TV-Y,667,68
DreamWorks Shrek's Swamp Stories,2008,Romance,TV-PG,668,56
Beverly Hills Chihuahua 3: Viva La Fiesta!,2012,Romance,G,669,0
DreamWorks Spooky Stories: Volume 2,2011,Romance,TV-PG,670,0
The Magic School Bus,1997,Romance,TV-Y,671,81
Goosebumps,1998,Family,TV-Y7,672,88
Sammy 2,2012,Family,TV-PG,673,0
Disney Animation Collection: Vol. 1: Mickey and the Beanstalk,2009,Family,TV-G,674,0
Masha and the Bear,2013,Family,TV-Y,675,81
Pocoyo,2007,Family,TV-Y,676,67
Sofia the First,2015,Family,TV-Y,677,82
Barbie Life in the Dreamhouse,2012,Family,TV-G,678,85
Paddington,2014,Family,PG,679,70
Larva,2015,Family,TV-G,680,0
Sid the Science Kid,2008,Family,TV-Y,681,0
Chuggington,2015,Family,TV-Y,682,0
All Hail King Julien,2016,Family,TV-Y7-FV,683,71
Octonauts,2015,Family,TV-Y,684,0
Minions,2015,Family,PG,685,96
Dragons: Race to the Edge,2017,Family,TV-Y7-FV,686,88
Little Einsteins,2007,Family,TV-Y,687,70
Hotel Transylvania 2,2015,Family,PG,688,93
Dinotrux,2017,Family,TV-Y7-FV,689,0
The Little Prince,2015,Family,PG,690,71
Word Party,2016,Family,TV-Y,691,0
Zootopia,2016,Family,PG,692,97
The Jungle Book,2016,Family,PG,693,97
Home: Adventures with Tip & Oh,2017,Family,TV-Y7,694,0
Open Season: Scared Silly,2015,Family,PG,695,72
The Angry Birds Movie,2016,Family,PG,696,92
Finding Dory,2016,Family,PG,697,98
The Secret Life of Pets,2016,Family,PG,698,0
Goldie & Bear,2016,Family,TV-Y,699,77
Talking Tom and Friends,2016,Family,TV-G,700,61
Cool Runnings,1993,Family,PG,701,81
Homeward Bound: The Incredible Journey,1993,Family,G,702,96
The Little Rascals,1994,Family,PG,703,86
Anastasia,1997,Family,G,704,93
Tarzan,1999,Family,G,705,95
The Emperor's New Groove,2000,Family,G,706,95
Scooby-Doo,2002,Family,PG,707,86
Lilo & Stitch,2002,Family,PG,708,95
Missione Hamburger,1997,Family,PG,709,75
Chicken Little,2005,Family,G,710,92
Curious George,2006,Family,G,711,55
Bee Movie,2007,Family,PG,712,94
Kung Fu Panda,2008,Family,PG,713,91
Coraline,2009,Family,PG,714,95
Cars Toons: Mater's Tall Tales,2010,Family,TV-G,715,74
Super Why!,2015,Family,TV-Y,716,68
Jessie,2015,Family,TV-G,717,88
Secret of the Wings,2012,Family,G,718,65
The Magic School Bus,1997,Family,TV-Y,719,81
Sammy 2,2012,Family,TV-PG,720,0
Masha and the Bear,2013,Family,TV-Y,721,81
Sofia the First,2015,Family,TV-Y,722,82
Barbie Life in the Dreamhouse,2012,Family,TV-G,723,85
Clifford the Big Red Dog,2002,Family,TV-Y,724,0
Home,2015,Family,PG,725,94
Paddington,2014,Family,PG,726,70
Chuggington,2015,Family,TV-Y,727,0
Octonauts,2015,Family,TV-Y,728,0
Minions,2015,Family,PG,729,96
Dragons: Race to the Edge,2017,Family,TV-Y7-FV,730,88
Little Einsteins,2007,Family,TV-Y,731,70
Hotel Transylvania 2,2015,Family,PG,732,93
Dinotrux,2017,Family,TV-Y7-FV,733,0
Walt Disney Animation Studios Short Films Collection,2015,Family,TV-G,734,84
Kung Fu Panda 3,2016,Family,PG,735,92
Bunk'd,2016,Family,TV-G,736,61
Zootopia,2016,Family,PG,737,97
The Jungle Book,2016,Family,PG,738,97
Open Season: Scared Silly,2015,Family,PG,739,72
The Land Before Time XIV: Journey of the Brave,2016,Family,G,740,0
The Angry Birds Movie,2016,Family,PG,741,92
Alice Through the Looking Glass,2016,Family,PG,742,96
The BFG,2016,Family,PG,743,97
The Secret Life of Pets,2016,Family,PG,744,0
Pete's Dragon,2016,Family,PG,745,93
Kubo and the Two Strings,2016,Family,PG,746,96
Goldie & Bear,2016,Family,TV-Y,747,77
Little Baby Bum: Nursery Rhyme Friends,2016,Family,TV-Y,748,0
Growing Up Wild,2016,Family,G,749,80
The Real Ghostbusters,1990,Family,TV-Y7,750,65
Cool Runnings,1993,Family,PG,751,81
Anastasia,1997,Family,G,752,93
Antz,1998,Family,PG,753,80
Babe: Pig in the City,1998,Family,G,754,0
The Prince of Egypt,1998,Family,PG,755,81
Paulie,1998,Family,PG,756,0
Tarzan,1999,Family,G,757,95
The Road to El Dorado,2000,Family,PG,758,91
Fantasia 2000,2000,Family,G,759,0
Pocahontas II: Journey to a New World,1998,Family,TV-G,760,64
The Emperor's New Groove,2000,Family,G,761,95
Fantasia,1940,Family,G,762,61
An American Tail,1986,Family,G,763,67
Pooh's Grand Adventure: The Search for Christopher Robin,1997,Family,G,764,0
FernGully 2: The Magical Rescue,1998,Family,G,765,0
Balto 2: Wolf Quest,2001,Family,G,766,0
Balto,1995,Family,G,767,64
Back to the Secret Garden,2002,Family,G,768,0
The Brave Little Toaster Goes to Mars,1998,Family,G,769,0
The Brave Little Toaster to the Rescue,1997,Family,G,770,0
An American Tail: The Mystery of the Night Monster,1999,Family,G,771,0
An American Tail: Fievel Goes West,1991,Family,G,772,0
The Last Unicorn,1982,Family,G,773,0
The Iron Giant,1999,Family,PG,774,83
Brother Bear 2,2006,Family,G,775,57
The Fox and the Hound 2,2006,Family,G,776,0
The Smurfs and the Magic Flute,1976,Family,G,777,0
Jetsons: The Movie,1990,Family,G,778,0
We're Back! A Dinosaur's Story,1993,Family,G,779,0
A Monster in Paris,2011,Family,PG,780,0
The Gruffalo,2009,Family,TV-Y,781,0
DreamWorks How to Train Your Dragon Legends,2011,Family,TV-PG,782,0
Ernest & Celestine,2012,Family,PG,783,0
The Magic School Bus,1997,Family,TV-Y,784,81
Animaniacs,1997,Family,TV-Y7,785,72
Disney Animation Collection: Vol. 4: The Tortoise and the Hare,2009,Family,TV-G,786,0
PopPixie,2011,Family,TV-G,787,0
Jack and the Cuckoo-Clock Heart,2013,Family,PG,788,0
The Pirate Fairy,2014,Family,G,789,57
Axel: The Biggest Little Hero,2013,Family,PG,790,0
The Adventures of Figaro Pho,2015,Family,TV-Y7,791,0
The Boxcar Children,2014,Family,G,792,0
Pet Pals in Windland,2014,Family,TV-G,793,0
Walt Disney Animation Studios Short Films Collection,2015,Family,TV-G,794,84
Alpha and Omega: Dino Digs,2016,Family,TV-G,795,0
Alice Through the Looking Glass,2016,Family,PG,796,96
Quackerz,2016,Family,PG,797,0
Hatched,2013,Family,TV-Y7,798,0
Blinky Bill: The Movie,2015,Family,PG,799,0
The Real Ghostbusters,1990,Family,TV-Y7,800,65
Flubber,1997,Family,PG,801,83
Anastasia,1997,Family,G,802,93
An Extremely Goofy Movie,1999,Family,G,803,67
An American Tail,1986,Family,G,804,67
Scooby-Doo,2002,Family,PG,805,86
FernGully: The Last Rainforest,1992,kids,G,806,70
Balto 2: Wolf Quest,2001,kids,G,807,0
Balto,1995,kids,G,808,64
The Lizzie McGuire Movie,2003,kids,PG,809,0
The Brave Little Toaster Goes to Mars,1998,kids,G,810,0
The Brave Little Toaster to the Rescue,1997,kids,G,811,0
Recess: Taking the Fifth Grade,2003,kids,G,812,0
An American Tail: The Mystery of the Night Monster,1999,kids,G,813,0
An American Tail: Fievel Goes West,1991,kids,G,814,0
The Iron Giant,1999,kids,PG,815,83
The Very Hungry Caterpillar and Other Stories,1993,kids,TV-Y,816,0
The Hero of Color City,2014,kids,G,817,0
Dino Squad,2008,kids,TV-Y7,818,0
The Little Engine That Could,2011,kids,G,819,0
Delhi Safari,2012,kids,PG,820,0
Ninja Turtles: The Next Mutation,1997,kids,TV-Y7-FV,821,0
Pound Puppies,2013,kids,TV-Y,822,0
Sammy 2,2012,kids,TV-PG,823,0
Monster Math Squad,2012,kids,TV-G,824,0
Care Bears: Welcome to Care-a-Lot,2012,kids,TV-Y,825,0
Clifford the Big Red Dog,2002,kids,TV-Y,826,0
Clifford's Puppy Days,2003,kids,TV-Y,827,0
Axel: The Biggest Little Hero,2013,kids,PG,828,0
Agent F.O.X.,2014,kids,PG,829,0
Dinosaur King,2008,kids,TV-Y7-FV,830,0
Ribbit,2014,kids,PG,831,0
Chuggington,2015,kids,TV-Y,832,0
Rooster Doodle-doo,2014,kids,TV-G,833,0
Octonauts,2015,kids,TV-Y,834,0
Kong: King of the Apes,2016,kids,TV-Y7-FV,835,0
My Animal Friends,2013,kids,TV-Y,836,0
Worms,2013,kids,PG,837,0
Puffin Rock,2016,kids,TV-Y,838,0
Little Einsteins,2007,kids,TV-Y,839,70
Hotel Transylvania 2,2015,kids,PG,840,93
Dinotrux,2017,kids,TV-Y7-FV,841,0
The Mr. Peabody and Sherman Show,2017,kids,TV-Y7,842,0
Zoobabu,2010,kids,TV-Y,843,0
Alpha and Omega: Dino Digs,2016,kids,TV-G,844,0
Gon,2013,kids,TV-G,845,0
Sid the Science Kid: The Movie,2012,kids,TV-Y,846,0
The Land Before Time XIV: Journey of the Brave,2016,kids,G,847,0
The Secret Life of Pets,2016,kids,PG,848,0
LEGO Jurassic World: The Indominus Escape,2016,kids,TV-Y7,849,0
The Real Ghostbusters,1990,kids,TV-Y7,850,65
Cool Runnings,1993,kids,PG,851,81
Anastasia,1997,kids,G,852,93
Antz,1998,kids,PG,853,80
Babe: Pig in the City,1998,kids,G,854,0
The Prince of Egypt,1998,kids,PG,855,81
Paulie,1998,kids,PG,856,0
Tarzan,1999,kids,G,857,95
The Road to El Dorado,2000,kids,PG,858,91
Fantasia 2000,2000,kids,G,859,0
Pocahontas II: Journey to a New World,1998,kids,TV-G,860,64
The Emperor's New Groove,2000,kids,G,861,95
Fantasia,1940,kids,G,862,61
An American Tail,1986,kids,G,863,67
Pooh's Grand Adventure: The Search for Christopher Robin,1997,kids,G,864,0
FernGully 2: The Magical Rescue,1998,kids,G,865,0
Balto 2: Wolf Quest,2001,kids,G,866,0
Balto,1995,kids,G,867,64
Back to the Secret Garden,2002,kids,G,868,0
The Brave Little Toaster Goes to Mars,1998,kids,G,869,0
The Brave Little Toaster to the Rescue,1997,kids,G,870,0
An American Tail: The Mystery of the Night Monster,1999,kids,G,871,0
An American Tail: Fievel Goes West,1991,kids,G,872,0
The Last Unicorn,1982,kids,G,873,0
The Iron Giant,1999,kids,PG,874,83
Brother Bear 2,2006,kids,G,875,57
The Fox and the Hound 2,2006,kids,G,876,0
The Smurfs and the Magic Flute,1976,kids,G,877,0
Jetsons: The Movie,1990,kids,G,878,0
We're Back! A Dinosaur's Story,1993,kids,G,879,0
A Monster in Paris,2011,kids,PG,880,0
The Gruffalo,2009,kids,TV-Y,881,0
DreamWorks How to Train Your Dragon Legends,2011,kids,TV-PG,882,0
Ernest & Celestine,2012,kids,PG,883,0
The Magic School Bus,1997,kids,TV-Y,884,81
Animaniacs,1997,kids,TV-Y7,885,72
Disney Animation Collection: Vol. 4: The Tortoise and the Hare,2009,kids,TV-G,886,0
PopPixie,2011,kids,TV-G,887,0
Jack and the Cuckoo-Clock Heart,2013,kids,PG,888,0
The Pirate Fairy,2014,kids,G,889,57
Axel: The Biggest Little Hero,2013,kids,PG,890,0
The Adventures of Figaro Pho,2015,kids,TV-Y7,891,0
The Boxcar Children,2014,kids,G,892,0
Pet Pals in Windland,2014,kids,TV-G,893,0
Walt Disney Animation Studios Short Films Collection,2015,kids,TV-G,894,84
Alpha and Omega: Dino Digs,2016,kids,TV-G,895,0
Alice Through the Looking Glass,2016,kids,PG,896,96
Quackerz,2016,kids,PG,897,0
Hatched,2013,kids,TV-Y7,898,0
Blinky Bill: The Movie,2015,kids,PG,899,0
The Real Ghostbusters,1990,kids,TV-Y7,900,65
Cool Runnings,1993,kids,PG,901,81
Homeward Bound: The Incredible Journey,1993,kids,G,902,96
Anastasia,1997,kids,G,903,93
Antz,1998,kids,PG,904,80
Babe: Pig in the City,1998,kids,G,905,0
The Road to El Dorado,2000,kids,PG,906,91
Fantasia 2000,2000,kids,G,907,0
Fantasia,1940,kids,G,908,61
Harry and the Hendersons,1987,kids,PG,909,58
Pooh's Grand Adventure: The Search for Christopher Robin,1997,kids,G,910,0
Cats & Dogs,2001,kids,PG,911,0
Atlantis: The Lost Empire,2001,kids,PG,912,96
FernGully: The Last Rainforest,1992,kids,G,913,70
Balto 2: Wolf Quest,2001,kids,G,914,0
Balto,1995,kids,G,915,64
Back to the Secret Garden,2002,kids,G,916,0
Tarzan & Jane,2002,kids,G,917,0
Atlantis: Milo's Return,2003,kids,G,918,79
The Brave Little Toaster Goes to Mars,1998,kids,G,919,0
The Brave Little Toaster to the Rescue,1997,kids,G,920,0
Annie,1982,kids,PG,921,68
Recess: Taking the Fifth Grade,2003,kids,G,922,0
An American Tail: The Mystery of the Night Monster,1999,kids,G,923,0
Batched,2000,kids,G,924,0
An American Tail: Fievel Goes West,1991,kids,G,925,0
Winnie the Pooh: Springtime with Roo,2004,kids,G,926,0
The Last Unicorn,1982,kids,G,927,0
The Iron Giant,1999,kids,PG,928,83
Mulan 2,2004,kids,G,929,85
Pooh's Heffalump Movie,2005,kids,G,930,0
Kronk's New Groove,2005,kids,G,931,0
Corpse Bride,2005,kids,PG,932,91
Brother Bear 2,2006,kids,G,933,57
The Smurfs and the Magic Flute,1976,kids,G,934,0
Jetsons: The Movie,1990,kids,G,935,0
We're Back! A Dinosaur's Story,1993,kids,G,936,0
Ernest & Celestine,2012,kids,PG,937,0
Animaniacs,1997,kids,TV-Y7,938,72
Disney Animation Collection: Vol. 1: Mickey and the Beanstalk,2009,kids,TV-G,939,0
Disney Animation Collection: Vol. 2: Three Little Pigs,2009,kids,TV-G,940,0
Disney Animation Collection: Vol. 4: The Tortoise and the Hare,2009,kids,TV-G,941,0
The Pirate Fairy,2014,kids,G,942,57
Underdogs,2013,kids,PG,943,0
The Boxcar Children,2014,kids,G,944,0
Ribbit,2014,kids,PG,945,0
Yellowbird,2014,kids,PG,946,0
Octonauts,2015,kids,TV-Y,947,0
The Land Before Time XIV: Journey of the Brave,2016,kids,G,948,0
Quackerz,2016,kids,PG,949,0
Growing Up Wild,2016,kids,G,950,80
Cool Runnings,1993,kids,PG,951,81
Mr. Magoo,1997,kids,PG,952,0
Flubber,1997,kids,PG,953,83
Anastasia,1997,kids,G,954,93
Antz,1998,kids,PG,955,80
Babe: Pig in the City,1998,kids,G,956,0
Paulie,1998,kids,PG,957,0
The Road to El Dorado,2000,kids,PG,958,91
Air Bud: World Pup,2000,kids,G,959,0
An American Tail,1986,kids,G,960,67
Harry and the Hendersons,1987,kids,PG,961,58
Cats & Dogs,2001,kids,PG,962,0
Baby's Day Out,1994,kids,PG,963,71
Balto 2: Wolf Quest,2001,kids,G,964,0
Balto,1995,kids,G,965,64
Back to the Secret Garden,2002,kids,G,966,0
Blank Check,1994,kids,PG,967,93
Heavyweights,1995,kids,PG,968,74
Inspector Gadget 2,2003,kids,G,969,0
Air Bud: Spikes Back,2003,kids,G,970,0
Annie,1982,kids,PG,971,68
An American Tail: Fievel Goes West,1991,kids,G,972,0
D2: The Mighty Ducks,1994,kids,PG,973,70
"Honey, I Shrunk the Kids",1989,kids,PG,974,80
The Iron Giant,1999,kids,PG,975,83
The Fox and the Hound 2,2006,kids,G,976,0
Air Buddies,2006,kids,PG,977,0
Dr. Dolittle: Tail to the Chief,2008,kids,PG,978,0
Flicka 2,2010,kids,PG,979,0
H2O: Just Add Water,2009,kids,TV-PG,980,74
The Gruffalo,2009,kids,TV-Y,981,0
Dolphin Tale,2011,kids,PG,982,0
Pound Puppies,2013,kids,TV-Y,983,0
Beverly Hills Chihuahua 3: Viva La Fiesta!,2012,kids,G,984,0
The Magic School Bus,1997,kids,TV-Y,985,81
Step Dogs,2013,kids,TV-PG,986,0
PokÃ©mon: Indigo League,2000,kids,TV-Y,987,74
Mia and Me,2015,Action,TV-Y,988,0
Paddington,2014,Action,PG,989,70
Russell Madness,2015,Action,PG,990,0
My Animal Friends,2013,Action,TV-Y,991,0
Dawn of the Croods,2017,Action,TV-Y7,992,72
Alpha and Omega: Dino Digs,2016,Action,TV-G,993,0
Wiener Dog Internationals,2015,Action,G,994,0
Pup Star,2016,Action,G,995,0
The BFG,2016,Action,PG,996,97
The Secret Life of Pets,2016,Action,PG,997,0
Precious Puppies,2003,Action,TV-G,998,0
Beary Tales,2013,Action,TV-G,999,0
Growing Up Wild,2016,Action,G,1000,80
